<dependencies>
	<dependency>
		<groupId>org.apache.maven</groupId>
		<artifactId>maven-plugin-api</artifactId>
		<version>${maven-plugin-api.version}</version>
	</dependency>
	<dependency>
		<groupId>org.apache.maven.plugin-tools</groupId>
		<artifactId>maven-plugin-annotations</artifactId>
		<version>${maven-plugin-annotations.version}</version>
		<scope>provided</scope>
	</dependency>
	<dependency>
		<groupId>org.apache.maven</groupId>
		<artifactId>maven-project</artifactId>
		<version>${maven-project.version}</version>
	</dependency>
</dependencies>


<build>
	<pluginManagement>
		<plugins>
			<plugin>
				<groupId>org.apache.maven.plugins</groupId>
				<artifactId>maven-plugin-plugin</artifactId>
				<version>${maven-plugin-plugin.version}</version>
			</plugin>
		</plugins>
	</pluginManagement>
</build>

<properties>
	<maven-plugin-api.version>3.6.2</maven-plugin-api.version>
	<maven-plugin-annotations.version>3.6.0</maven-plugin-annotations.version>
	<maven-project.version>2.2.1</maven-project.version>
	<maven-plugin-plugin.version>3.6.4</maven-plugin-plugin.version>
	<maven.compiler.source>16</maven.compiler.source>
	<maven.compiler.target>16</maven.compiler.target>
	<java.version>16</java.version>
</properties>
